first_name,last_name,company,source_url,title,email,linkedin_url,phone
Strategy,Strategy,Blackstone Capital,https://www.blackstone.com/the-firm/our-people/,Relations,strategy.strategy@www.blackstone.com,,
Kirkland,Kirkland,Blackstone Capital,https://www.blackstone.com/the-firm/our-people/,Ellis,kirkland.kirkland@www.blackstone.com,,
Ogilvy,Ogilvy,Blackstone Capital,https://www.blackstone.com/the-firm/our-people/,Worldwide,ogilvy.ogilvy@www.blackstone.com,,
Alphabet,Alphabet,Blackstone Capital,https://www.blackstone.com/the-firm/our-people/,Google,alphabet.alphabet@www.blackstone.com,,
Managing,Managing,Blackstone Capital,https://www.blackstone.com/the-firm/our-people/,Partner,managing.managing@www.blackstone.com,,
Darren,Darren,Bain Capital,https://www.baincapital.com/people,Boston,darren.darren@www.baincapital.com,,
Compliance,Compliance,Bain Capital,https://www.baincapital.com/people,London,compliance.compliance@www.baincapital.com,,
Anna,Anna,Bain Capital,https://www.baincapital.com/people,Boston,anna.anna@www.baincapital.com,,
Tara,Tara,Bain Capital,https://www.baincapital.com/people,Boston,tara.tara@www.baincapital.com,,
Grayson,Grayson,Bain Capital,https://www.baincapital.com/people,Boston,grayson.grayson@www.baincapital.com,,
Eric,Eric,Bain Capital,https://www.baincapital.com/people,Boston,eric.eric@www.baincapital.com,,
Patrick,Patrick,Bain Capital,https://www.baincapital.com/people,Francisco,patrick.patrick@www.baincapital.com,,
Maria,Maria,Bain Capital,https://www.baincapital.com/people,London,maria.maria@www.baincapital.com,,
Guillermo,Guillermo,Bain Capital,https://www.baincapital.com/people,Francisco,guillermo.guillermo@www.baincapital.com,,
Ernesto,Ernesto,Bain Capital,https://www.baincapital.com/people,Boston,ernesto.ernesto@www.baincapital.com,,
Tim,Tim,Bain Capital,https://www.baincapital.com/people,London,tim.tim@www.baincapital.com,,
Paul,Paul,Bain Capital,https://www.baincapital.com/people,Boston,paul.paul@www.baincapital.com,,
MD,MD,Bain Capital,https://www.baincapital.com/people,Boston,md.md@www.baincapital.com,,
Carlos,Carlos,Bain Capital,https://www.baincapital.com/people,Boston,carlos.carlos@www.baincapital.com,,
Cristina,Cristina,Bain Capital,https://www.baincapital.com/people,Madrid,cristina.cristina@www.baincapital.com,,
Ken,Ken,Bain Capital,https://www.baincapital.com/people,Tokyo,ken.ken@www.baincapital.com,,
Emily,Emily,Bain Capital,https://www.baincapital.com/people,Boston,emily.emily@www.baincapital.com,,
Treasury,Treasury,Bain Capital,https://www.baincapital.com/people,Boston,treasury.treasury@www.baincapital.com,,
Alon,Alon,Bain Capital,https://www.baincapital.com/people,London,alon.alon@www.baincapital.com,,
Dewey,Dewey,Bain Capital,https://www.baincapital.com/people,Boston,dewey.dewey@www.baincapital.com,,
Lukas,Lukas,Bain Capital,https://www.baincapital.com/people,Boston,lukas.lukas@www.baincapital.com,,
Gunjan,Gunjan,Bain Capital,https://www.baincapital.com/people,Mumbai,gunjan.gunjan@www.baincapital.com,,
David,David,Bain Capital,https://www.baincapital.com/people,Boston,david.david@www.baincapital.com,,
Ryan,Ryan,Bain Capital,https://www.baincapital.com/people,Boston,ryan.ryan@www.baincapital.com,,
Product,Product,Bain Capital,https://www.baincapital.com/people,Boston,product.product@www.baincapital.com,,
Victoria,Victoria,Bain Capital,https://www.baincapital.com/people,York,victoria.victoria@www.baincapital.com,,
Jacob,Jacob,Bain Capital,https://www.baincapital.com/people,Boston,jacob.jacob@www.baincapital.com,,
Gordon,Gordon,Bain Capital,https://www.baincapital.com/people,Boston,gordon.gordon@www.baincapital.com,,
Steven,Steven,Bain Capital,https://www.baincapital.com/people,Boston,steven.steven@www.baincapital.com,,
Luca,Luca,Bain Capital,https://www.baincapital.com/people,London,luca.luca@www.baincapital.com,,
James,James,Bain Capital,https://www.baincapital.com/people,London,james.james@www.baincapital.com,,
Lauren,Lauren,Bain Capital,https://www.baincapital.com/people,York,lauren.lauren@www.baincapital.com,,
William,William,Bain Capital,https://www.baincapital.com/people,Boston,william.william@www.baincapital.com,,
Taylor,Taylor,Bain Capital,https://www.baincapital.com/people,Boston,taylor.taylor@www.baincapital.com,,
Maximilian,Maximilian,Bain Capital,https://www.baincapital.com/people,London,maximilian.maximilian@www.baincapital.com,,
Anupam,Anupam,Bain Capital,https://www.baincapital.com/people,Singapore,anupam.anupam@www.baincapital.com,,
Tech,Tech,Bain Capital,https://www.baincapital.com/people,Boston,tech.tech@www.baincapital.com,,
Corporate,Corporate,Bain Capital,https://www.baincapital.com/people,London,corporate.corporate@www.baincapital.com,,
San,San,Bain Capital,https://www.baincapital.com/people,Francisco,san.san@www.baincapital.com,,
Crypto,Crypto,Bain Capital,https://www.baincapital.com/people,Francisco,crypto.crypto@www.baincapital.com,,
Life,Life,Bain Capital,https://www.baincapital.com/people,Boston,life.life@www.baincapital.com,,
Public,Public,Bain Capital,https://www.baincapital.com/people,Boston,public.public@www.baincapital.com,,
Special,Special,Bain Capital,https://www.baincapital.com/people,Madrid,special.special@www.baincapital.com,,
Real,Real,Bain Capital,https://www.baincapital.com/people,Boston,real.real@www.baincapital.com,,
Investor,Investor,Bain Capital,https://www.baincapital.com/people,Boston,investor.investor@www.baincapital.com,,
New,New,Bain Capital,https://www.baincapital.com/people,York,new.new@www.baincapital.com,,
Partnership,Partnership,Bain Capital,https://www.baincapital.com/people,Boston,partnership.partnership@www.baincapital.com,,
Insurance,Insurance,Bain Capital,https://www.baincapital.com/people,Boston,insurance.insurance@www.baincapital.com,,
Apollo,Apollo,Apollo Global Management,https://www.apollo.com/aboutus/leadership-and-people,Management,apollo.apollo@www.apollo.com,,
Chief,Chief,Apollo Global Management,https://www.apollo.com/aboutus/leadership-and-people,Athene,chief.chief@www.apollo.com,,
Athene,Athene,Apollo Global Management,https://www.apollo.com/aboutus/leadership-and-people,USA,athene.athene@www.apollo.com,,
Global,Global,Apollo Global Management,https://www.apollo.com/aboutus/leadership-and-people,Capital,global.global@www.apollo.com,,
Inc.,Inc.,Apollo Global Management,https://www.apollo.com/aboutus/leadership-and-people,Reserved.,inc..inc.@www.apollo.com,,
NYSE:,NYSE:,Apollo Global Management,https://www.apollo.com/aboutus/leadership-and-people,APO,nyse:.nyse:@www.apollo.com,,
Co-Founder,Co-Founder,General Atlantic,https://www.generalatlantic.com/our-team/?group=investment-team,More,co-founder.co-founder@www.generalatlantic.com,,
William,William,General Atlantic,https://www.generalatlantic.com/our-team/?group=investment-team,Equity,william.william@www.generalatlantic.com,,
Chairman,Chairman,General Atlantic,https://www.generalatlantic.com/our-team/?group=investment-team,Officer,chairman.chairman@www.generalatlantic.com,,
Growth,Growth,General Atlantic,https://www.generalatlantic.com/our-team/?group=investment-team,Equity,growth.growth@www.generalatlantic.com,,
Lance,Lance,General Atlantic,https://www.generalatlantic.com/our-team/?group=investment-team,Uggla,lance.lance@www.generalatlantic.com,,
David,David,General Atlantic,https://www.generalatlantic.com/our-team/?group=investment-team,Chairman,david.david@www.generalatlantic.com,,
Vice,Vice,General Atlantic,https://www.generalatlantic.com/our-team/?group=investment-team,Chairman,vice.vice@www.generalatlantic.com,,
Global,Global,General Atlantic,https://www.generalatlantic.com/our-team/?group=investment-team,Equity,global.global@www.generalatlantic.com,,
Gabriel,Gabriel,General Atlantic,https://www.generalatlantic.com/our-team/?group=investment-team,Caillaux,gabriel.gabriel@www.generalatlantic.com,,
Climate,Climate,General Atlantic,https://www.generalatlantic.com/our-team/?group=investment-team,Equity,climate.climate@www.generalatlantic.com,,
Head,Head,General Atlantic,https://www.generalatlantic.com/our-team/?group=investment-team,Equity,head.head@www.generalatlantic.com,,
Martín,Martín,General Atlantic,https://www.generalatlantic.com/our-team/?group=investment-team,Escobari,martín.martín@www.generalatlantic.com,,
Lord,Lord,General Atlantic,https://www.generalatlantic.com/our-team/?group=investment-team,Climate,lord.lord@www.generalatlantic.com,,
Melis,Melis,General Atlantic,https://www.generalatlantic.com/our-team/?group=investment-team,Akar,melis.melis@www.generalatlantic.com,,
Co-Head,Co-Head,General Atlantic,https://www.generalatlantic.com/our-team/?group=investment-team,Equity,co-head.co-head@www.generalatlantic.com,,
Rodrigo,Rodrigo,General Atlantic,https://www.generalatlantic.com/our-team/?group=investment-team,Catunda,rodrigo.rodrigo@www.generalatlantic.com,,
Luis,Luis,General Atlantic,https://www.generalatlantic.com/our-team/?group=investment-team,Cervantes,luis.luis@www.generalatlantic.com,,
Andrew,Andrew,General Atlantic,https://www.generalatlantic.com/our-team/?group=investment-team,Crawford,andrew.andrew@www.generalatlantic.com,,
Consumer,Consumer,General Atlantic,https://www.generalatlantic.com/our-team/?group=investment-team,Equity,consumer.consumer@www.generalatlantic.com,,
Alex,Alex,General Atlantic,https://www.generalatlantic.com/our-team/?group=investment-team,Crisses,alex.alex@www.generalatlantic.com,,
Jonathan,Jonathan,General Atlantic,https://www.generalatlantic.com/our-team/?group=investment-team,Durham,jonathan.jonathan@www.generalatlantic.com,,
Oscar,Oscar,General Atlantic,https://www.generalatlantic.com/our-team/?group=investment-team,Fan,oscar.oscar@www.generalatlantic.com,,
Chief,Chief,General Atlantic,https://www.generalatlantic.com/our-team/?group=investment-team,Credit,chief.chief@www.generalatlantic.com,,
George,George,General Atlantic,https://www.generalatlantic.com/our-team/?group=investment-team,Fan,george.george@www.generalatlantic.com,,
Aaron,Aaron,General Atlantic,https://www.generalatlantic.com/our-team/?group=investment-team,Goldman,aaron.aaron@www.generalatlantic.com,,
Sascha,Sascha,General Atlantic,https://www.generalatlantic.com/our-team/?group=investment-team,Equity,sascha.sascha@www.generalatlantic.com,,
Managing,Managing,General Atlantic,https://www.generalatlantic.com/our-team/?group=investment-team,Director,managing.managing@www.generalatlantic.com,,
Neal,Neal,General Atlantic,https://www.generalatlantic.com/our-team/?group=investment-team,Kok,neal.neal@www.generalatlantic.com,,
Shantanu,Shantanu,General Atlantic,https://www.generalatlantic.com/our-team/?group=investment-team,Rastogi,shantanu.shantanu@www.generalatlantic.com,,
Luiz,Luiz,General Atlantic,https://www.generalatlantic.com/our-team/?group=investment-team,Ribeiro,luiz.luiz@www.generalatlantic.com,,
Tripp,Tripp,General Atlantic,https://www.generalatlantic.com/our-team/?group=investment-team,Smith,tripp.tripp@www.generalatlantic.com,,
Paul,Paul,General Atlantic,https://www.generalatlantic.com/our-team/?group=investment-team,Stamas,paul.paul@www.generalatlantic.com,,
Financial,Financial,General Atlantic,https://www.generalatlantic.com/our-team/?group=investment-team,Equity,financial.financial@www.generalatlantic.com,,
Tanzeen,Tanzeen,General Atlantic,https://www.generalatlantic.com/our-team/?group=investment-team,Syed,tanzeen.tanzeen@www.generalatlantic.com,,
Robbert,Robbert,General Atlantic,https://www.generalatlantic.com/our-team/?group=investment-team,Vorhoff,robbert.robbert@www.generalatlantic.com,,
Michael,Michael,General Atlantic,https://www.generalatlantic.com/our-team/?group=investment-team,Credit,michael.michael@www.generalatlantic.com,,
MD,MD,General Atlantic,https://www.generalatlantic.com/our-team/?group=investment-team,Sciences,md.md@www.generalatlantic.com,,
Life,Life,General Atlantic,https://www.generalatlantic.com/our-team/?group=investment-team,Sciences,life.life@www.generalatlantic.com,,
Chi,Chi,General Atlantic,https://www.generalatlantic.com/our-team/?group=investment-team,Zhang,chi.chi@www.generalatlantic.com,,
Eli,Eli,General Atlantic,https://www.generalatlantic.com/our-team/?group=investment-team,Climate,eli.eli@www.generalatlantic.com,,
Matthew,Matthew,General Atlantic,https://www.generalatlantic.com/our-team/?group=investment-team,Credit,matthew.matthew@www.generalatlantic.com,,
Wilson,Wilson,General Atlantic,https://www.generalatlantic.com/our-team/?group=investment-team,Climate,wilson.wilson@www.generalatlantic.com,,
Rhea,Rhea,General Atlantic,https://www.generalatlantic.com/our-team/?group=investment-team,Climate,rhea.rhea@www.generalatlantic.com,,
Jimmy,Jimmy,General Atlantic,https://www.generalatlantic.com/our-team/?group=investment-team,Technology,jimmy.jimmy@www.generalatlantic.com,,
Raph,Raph,General Atlantic,https://www.generalatlantic.com/our-team/?group=investment-team,Equity,raph.raph@www.generalatlantic.com,,
Nate,Nate,General Atlantic,https://www.generalatlantic.com/our-team/?group=investment-team,Credit,nate.nate@www.generalatlantic.com,,
Jeffrey,Jeffrey,General Atlantic,https://www.generalatlantic.com/our-team/?group=investment-team,Credit,jeffrey.jeffrey@www.generalatlantic.com,,
Justin,Justin,General Atlantic,https://www.generalatlantic.com/our-team/?group=investment-team,Healthcare,justin.justin@www.generalatlantic.com,,
Caroline,Caroline,General Atlantic,https://www.generalatlantic.com/our-team/?group=investment-team,Equity,caroline.caroline@www.generalatlantic.com,,
Leo,Leo,General Atlantic,https://www.generalatlantic.com/our-team/?group=investment-team,Credit,leo.leo@www.generalatlantic.com,,
Anand,Anand,General Atlantic,https://www.generalatlantic.com/our-team/?group=investment-team,Equity,anand.anand@www.generalatlantic.com,,
Operating,Operating,General Atlantic,https://www.generalatlantic.com/our-team/?group=investment-team,Partner,operating.operating@www.generalatlantic.com,,
Frederico,Frederico,General Atlantic,https://www.generalatlantic.com/our-team/?group=investment-team,Equity,frederico.frederico@www.generalatlantic.com,,
Victor,Victor,General Atlantic,https://www.generalatlantic.com/our-team/?group=investment-team,Equity,victor.victor@www.generalatlantic.com,,
Preston,Preston,General Atlantic,https://www.generalatlantic.com/our-team/?group=investment-team,Technology,preston.preston@www.generalatlantic.com,,
Srinivas,Srinivas,General Atlantic,https://www.generalatlantic.com/our-team/?group=investment-team,Equity,srinivas.srinivas@www.generalatlantic.com,,
Ben,Ben,General Atlantic,https://www.generalatlantic.com/our-team/?group=investment-team,Healthcare,ben.ben@www.generalatlantic.com,,
Lu,Lu,General Atlantic,https://www.generalatlantic.com/our-team/?group=investment-team,Equity,lu.lu@www.generalatlantic.com,,
Alexa,Alexa,General Atlantic,https://www.generalatlantic.com/our-team/?group=investment-team,Equity,alexa.alexa@www.generalatlantic.com,,
Taylor,Taylor,General Atlantic,https://www.generalatlantic.com/our-team/?group=investment-team,Credit,taylor.taylor@www.generalatlantic.com,,
Sharad,Sharad,General Atlantic,https://www.generalatlantic.com/our-team/?group=investment-team,Equity,sharad.sharad@www.generalatlantic.com,,
Jessie,Jessie,General Atlantic,https://www.generalatlantic.com/our-team/?group=investment-team,Technology,jessie.jessie@www.generalatlantic.com,,
Josh,Josh,General Atlantic,https://www.generalatlantic.com/our-team/?group=investment-team,Technology,josh.josh@www.generalatlantic.com,,
Natasha,Natasha,General Atlantic,https://www.generalatlantic.com/our-team/?group=investment-team,Climate,natasha.natasha@www.generalatlantic.com,,
Fletcher,Fletcher,General Atlantic,https://www.generalatlantic.com/our-team/?group=investment-team,Healthcare,fletcher.fletcher@www.generalatlantic.com,,
Asher,Asher,General Atlantic,https://www.generalatlantic.com/our-team/?group=investment-team,Technology,asher.asher@www.generalatlantic.com,,
Tom,Tom,General Atlantic,https://www.generalatlantic.com/our-team/?group=investment-team,Equity,tom.tom@www.generalatlantic.com,,
John,John,General Atlantic,https://www.generalatlantic.com/our-team/?group=investment-team,Healthcare,john.john@www.generalatlantic.com,,
Peter,Peter,General Atlantic,https://www.generalatlantic.com/our-team/?group=investment-team,Sciences,peter.peter@www.generalatlantic.com,,
Jacqueline,Jacqueline,General Atlantic,https://www.generalatlantic.com/our-team/?group=investment-team,Equity,jacqueline.jacqueline@www.generalatlantic.com,,
Jason,Jason,General Atlantic,https://www.generalatlantic.com/our-team/?group=investment-team,Sciences,jason.jason@www.generalatlantic.com,,
Jon,Jon,General Atlantic,https://www.generalatlantic.com/our-team/?group=investment-team,Healthcare,jon.jon@www.generalatlantic.com,,
Varun,Varun,General Atlantic,https://www.generalatlantic.com/our-team/?group=investment-team,Equity,varun.varun@www.generalatlantic.com,,
GA,GA,General Atlantic,https://www.generalatlantic.com/our-team/?group=investment-team,Credit,ga.ga@www.generalatlantic.com,,
Ramy,Ramy,General Atlantic,https://www.generalatlantic.com/our-team/?group=investment-team,Toma,ramy.ramy@www.generalatlantic.com,,
Vinay,Vinay,General Atlantic,https://www.generalatlantic.com/our-team/?group=investment-team,Climate,vinay.vinay@www.generalatlantic.com,,
Ziyad,Ziyad,General Atlantic,https://www.generalatlantic.com/our-team/?group=investment-team,Equity,ziyad.ziyad@www.generalatlantic.com,,
Jennifer,Jennifer,General Atlantic,https://www.generalatlantic.com/our-team/?group=investment-team,Equity,jennifer.jennifer@www.generalatlantic.com,,
Izkandar,Izkandar,General Atlantic,https://www.generalatlantic.com/our-team/?group=investment-team,Equity,izkandar.izkandar@www.generalatlantic.com,,
Andrea,Andrea,General Atlantic,https://www.generalatlantic.com/our-team/?group=investment-team,Equity,andrea.andrea@www.generalatlantic.com,,
Walker,Walker,General Atlantic,https://www.generalatlantic.com/our-team/?group=investment-team,Sciences,walker.walker@www.generalatlantic.com,,
Alexia,Alexia,General Atlantic,https://www.generalatlantic.com/our-team/?group=investment-team,Healthcare,alexia.alexia@www.generalatlantic.com,,
Stella,Stella,General Atlantic,https://www.generalatlantic.com/our-team/?group=investment-team,Equity,stella.stella@www.generalatlantic.com,,
Laura,Laura,General Atlantic,https://www.generalatlantic.com/our-team/?group=investment-team,Equity,laura.laura@www.generalatlantic.com,,
Jared,Jared,General Atlantic,https://www.generalatlantic.com/our-team/?group=investment-team,Equity,jared.jared@www.generalatlantic.com,,
Mark,Mark,General Atlantic,https://www.generalatlantic.com/our-team/?group=investment-team,Equity,mark.mark@www.generalatlantic.com,,
Anthony,Anthony,General Atlantic,https://www.generalatlantic.com/our-team/?group=investment-team,Technology,anthony.anthony@www.generalatlantic.com,,
Julia,Julia,General Atlantic,https://www.generalatlantic.com/our-team/?group=investment-team,Equity,julia.julia@www.generalatlantic.com,,
Harrison,Harrison,General Atlantic,https://www.generalatlantic.com/our-team/?group=investment-team,Equity,harrison.harrison@www.generalatlantic.com,,
Meili,Meili,General Atlantic,https://www.generalatlantic.com/our-team/?group=investment-team,Equity,meili.meili@www.generalatlantic.com,,
Henry,Henry,General Atlantic,https://www.generalatlantic.com/our-team/?group=investment-team,Credit,henry.henry@www.generalatlantic.com,,
Sofia,Sofia,General Atlantic,https://www.generalatlantic.com/our-team/?group=investment-team,Equity,sofia.sofia@www.generalatlantic.com,,
Anna,Anna,General Atlantic,https://www.generalatlantic.com/our-team/?group=investment-team,Equity,anna.anna@www.generalatlantic.com,,
Technology,Technology,General Atlantic,https://www.generalatlantic.com/our-team/?group=investment-team,Technology,technology.technology@www.generalatlantic.com,,
Charles,Charles,General Atlantic,https://www.generalatlantic.com/our-team/?group=investment-team,Haliburton,charles.charles@www.generalatlantic.com,,
Jack,Jack,General Atlantic,https://www.generalatlantic.com/our-team/?group=investment-team,Equity,jack.jack@www.generalatlantic.com,,
Nicolas,Nicolas,General Atlantic,https://www.generalatlantic.com/our-team/?group=investment-team,Climate,nicolas.nicolas@www.generalatlantic.com,,
Fraser,Fraser,General Atlantic,https://www.generalatlantic.com/our-team/?group=investment-team,Johnston-Donne,fraser.fraser@www.generalatlantic.com,,
PhD,PhD,General Atlantic,https://www.generalatlantic.com/our-team/?group=investment-team,Sciences,phd.phd@www.generalatlantic.com,,
Harry,Harry,General Atlantic,https://www.generalatlantic.com/our-team/?group=investment-team,Equity,harry.harry@www.generalatlantic.com,,
Rajat,Rajat,General Atlantic,https://www.generalatlantic.com/our-team/?group=investment-team,Equity,rajat.rajat@www.generalatlantic.com,,
Ken,Ken,General Atlantic,https://www.generalatlantic.com/our-team/?group=investment-team,Massa,ken.ken@www.generalatlantic.com,,
Majid,Majid,General Atlantic,https://www.generalatlantic.com/our-team/?group=investment-team,Equity,majid.majid@www.generalatlantic.com,,
Armaan,Armaan,General Atlantic,https://www.generalatlantic.com/our-team/?group=investment-team,Healthcare,armaan.armaan@www.generalatlantic.com,,
Jas,Jas,General Atlantic,https://www.generalatlantic.com/our-team/?group=investment-team,Equity,jas.jas@www.generalatlantic.com,,
Maria,Maria,General Atlantic,https://www.generalatlantic.com/our-team/?group=investment-team,Equity,maria.maria@www.generalatlantic.com,,
Frederick,Frederick,General Atlantic,https://www.generalatlantic.com/our-team/?group=investment-team,Technology,frederick.frederick@www.generalatlantic.com,,
Oliver,Oliver,General Atlantic,https://www.generalatlantic.com/our-team/?group=investment-team,Healthcare,oliver.oliver@www.generalatlantic.com,,
Ruchi,Ruchi,General Atlantic,https://www.generalatlantic.com/our-team/?group=investment-team,Equity,ruchi.ruchi@www.generalatlantic.com,,
Zoe,Zoe,General Atlantic,https://www.generalatlantic.com/our-team/?group=investment-team,Equity,zoe.zoe@www.generalatlantic.com,,
Hector,Hector,General Atlantic,https://www.generalatlantic.com/our-team/?group=investment-team,Equity,hector.hector@www.generalatlantic.com,,
Sarah,Sarah,General Atlantic,https://www.generalatlantic.com/our-team/?group=investment-team,Sciences,sarah.sarah@www.generalatlantic.com,,
Zeev,Zeev,General Atlantic,https://www.generalatlantic.com/our-team/?group=investment-team,Equity,zeev.zeev@www.generalatlantic.com,,
James,James,General Atlantic,https://www.generalatlantic.com/our-team/?group=investment-team,Equity,james.james@www.generalatlantic.com,,
Echo,Echo,General Atlantic,https://www.generalatlantic.com/our-team/?group=investment-team,Equity,echo.echo@www.generalatlantic.com,,
Dhawal,Dhawal,General Atlantic,https://www.generalatlantic.com/our-team/?group=investment-team,Equity,dhawal.dhawal@www.generalatlantic.com,,
Max,Max,General Atlantic,https://www.generalatlantic.com/our-team/?group=investment-team,Technology,max.max@www.generalatlantic.com,,
Senior,Senior,General Atlantic,https://www.generalatlantic.com/our-team/?group=investment-team,Associate,senior.senior@www.generalatlantic.com,,
Rob,Rob,General Atlantic,https://www.generalatlantic.com/our-team/?group=investment-team,Bakerian,rob.rob@www.generalatlantic.com,,
Nathan,Nathan,General Atlantic,https://www.generalatlantic.com/our-team/?group=investment-team,Equity,nathan.nathan@www.generalatlantic.com,,
Stephen,Stephen,General Atlantic,https://www.generalatlantic.com/our-team/?group=investment-team,Technology,stephen.stephen@www.generalatlantic.com,,
Mia,Mia,General Atlantic,https://www.generalatlantic.com/our-team/?group=investment-team,Sciences,mia.mia@www.generalatlantic.com,,
Guillaume,Guillaume,General Atlantic,https://www.generalatlantic.com/our-team/?group=investment-team,Credit,guillaume.guillaume@www.generalatlantic.com,,
Dhairya,Dhairya,General Atlantic,https://www.generalatlantic.com/our-team/?group=investment-team,Climate,dhairya.dhairya@www.generalatlantic.com,,
Abhishek,Abhishek,General Atlantic,https://www.generalatlantic.com/our-team/?group=investment-team,Equity,abhishek.abhishek@www.generalatlantic.com,,
Zihan,Zihan,General Atlantic,https://www.generalatlantic.com/our-team/?group=investment-team,Equity,zihan.zihan@www.generalatlantic.com,,
Jing,Jing,General Atlantic,https://www.generalatlantic.com/our-team/?group=investment-team,Sciences,jing.jing@www.generalatlantic.com,,
Felipe,Felipe,General Atlantic,https://www.generalatlantic.com/our-team/?group=investment-team,Equity,felipe.felipe@www.generalatlantic.com,,
Dylan,Dylan,General Atlantic,https://www.generalatlantic.com/our-team/?group=investment-team,Technology,dylan.dylan@www.generalatlantic.com,,
Jay,Jay,General Atlantic,https://www.generalatlantic.com/our-team/?group=investment-team,Climate,jay.jay@www.generalatlantic.com,,
Mukund,Mukund,General Atlantic,https://www.generalatlantic.com/our-team/?group=investment-team,Equity,mukund.mukund@www.generalatlantic.com,,
Connor,Connor,General Atlantic,https://www.generalatlantic.com/our-team/?group=investment-team,Equity,connor.connor@www.generalatlantic.com,,
Adrian,Adrian,General Atlantic,https://www.generalatlantic.com/our-team/?group=investment-team,Equity,adrian.adrian@www.generalatlantic.com,,
Nicolai,Nicolai,General Atlantic,https://www.generalatlantic.com/our-team/?group=investment-team,Equity,nicolai.nicolai@www.generalatlantic.com,,
Hanna,Hanna,General Atlantic,https://www.generalatlantic.com/our-team/?group=investment-team,Healthcare,hanna.hanna@www.generalatlantic.com,,
Marcin,Marcin,General Atlantic,https://www.generalatlantic.com/our-team/?group=investment-team,Equity,marcin.marcin@www.generalatlantic.com,,
Jackie,Jackie,General Atlantic,https://www.generalatlantic.com/our-team/?group=investment-team,Technology,jackie.jackie@www.generalatlantic.com,,
Nikhil,Nikhil,General Atlantic,https://www.generalatlantic.com/our-team/?group=investment-team,Technology,nikhil.nikhil@www.generalatlantic.com,,
Lakshay,Lakshay,General Atlantic,https://www.generalatlantic.com/our-team/?group=investment-team,Equity,lakshay.lakshay@www.generalatlantic.com,,
Riccardo,Riccardo,General Atlantic,https://www.generalatlantic.com/our-team/?group=investment-team,Equity,riccardo.riccardo@www.generalatlantic.com,,
Chloe,Chloe,General Atlantic,https://www.generalatlantic.com/our-team/?group=investment-team,Technology,chloe.chloe@www.generalatlantic.com,,
Guy,Guy,General Atlantic,https://www.generalatlantic.com/our-team/?group=investment-team,Equity,guy.guy@www.generalatlantic.com,,
Kartik,Kartik,General Atlantic,https://www.generalatlantic.com/our-team/?group=investment-team,Sciences,kartik.kartik@www.generalatlantic.com,,
Ryan,Ryan,General Atlantic,https://www.generalatlantic.com/our-team/?group=investment-team,Equity,ryan.ryan@www.generalatlantic.com,,
Andre,Andre,General Atlantic,https://www.generalatlantic.com/our-team/?group=investment-team,Equity,andre.andre@www.generalatlantic.com,,
Morgan,Morgan,General Atlantic,https://www.generalatlantic.com/our-team/?group=investment-team,Climate,morgan.morgan@www.generalatlantic.com,,
Luiza,Luiza,General Atlantic,https://www.generalatlantic.com/our-team/?group=investment-team,Equity,luiza.luiza@www.generalatlantic.com,,
Javier,Javier,General Atlantic,https://www.generalatlantic.com/our-team/?group=investment-team,Equity,javier.javier@www.generalatlantic.com,,
Gaby,Gaby,General Atlantic,https://www.generalatlantic.com/our-team/?group=investment-team,Hamburger,gaby.gaby@www.generalatlantic.com,,
Zac,Zac,General Atlantic,https://www.generalatlantic.com/our-team/?group=investment-team,Equity,zac.zac@www.generalatlantic.com,,
Malte,Malte,General Atlantic,https://www.generalatlantic.com/our-team/?group=investment-team,Equity,malte.malte@www.generalatlantic.com,,
Amar,Amar,General Atlantic,https://www.generalatlantic.com/our-team/?group=investment-team,Equity,amar.amar@www.generalatlantic.com,,
Catherine,Catherine,General Atlantic,https://www.generalatlantic.com/our-team/?group=investment-team,Technology,catherine.catherine@www.generalatlantic.com,,
Adam,Adam,General Atlantic,https://www.generalatlantic.com/our-team/?group=investment-team,Technology,adam.adam@www.generalatlantic.com,,
Addison,Addison,General Atlantic,https://www.generalatlantic.com/our-team/?group=investment-team,Healthcare,addison.addison@www.generalatlantic.com,,
Patrick,Patrick,General Atlantic,https://www.generalatlantic.com/our-team/?group=investment-team,Equity,patrick.patrick@www.generalatlantic.com,,
Lucy,Lucy,General Atlantic,https://www.generalatlantic.com/our-team/?group=investment-team,Climate,lucy.lucy@www.generalatlantic.com,,
Elina,Elina,General Atlantic,https://www.generalatlantic.com/our-team/?group=investment-team,Technology,elina.elina@www.generalatlantic.com,,
Sophie,Sophie,General Atlantic,https://www.generalatlantic.com/our-team/?group=investment-team,Equity,sophie.sophie@www.generalatlantic.com,,
Ade,Ade,General Atlantic,https://www.generalatlantic.com/our-team/?group=investment-team,Climate,ade.ade@www.generalatlantic.com,,
Acacia,Acacia,General Atlantic,https://www.generalatlantic.com/our-team/?group=investment-team,Climate,acacia.acacia@www.generalatlantic.com,,
Jonas,Jonas,General Atlantic,https://www.generalatlantic.com/our-team/?group=investment-team,Equity,jonas.jonas@www.generalatlantic.com,,
Luke,Luke,General Atlantic,https://www.generalatlantic.com/our-team/?group=investment-team,Technology,luke.luke@www.generalatlantic.com,,
Sam,Sam,General Atlantic,https://www.generalatlantic.com/our-team/?group=investment-team,Equity,sam.sam@www.generalatlantic.com,,
Eldar,Eldar,General Atlantic,https://www.generalatlantic.com/our-team/?group=investment-team,Technology,eldar.eldar@www.generalatlantic.com,,
Constantin,Constantin,General Atlantic,https://www.generalatlantic.com/our-team/?group=investment-team,Equity,constantin.constantin@www.generalatlantic.com,,
Samir,Samir,General Atlantic,https://www.generalatlantic.com/our-team/?group=investment-team,Equity,samir.samir@www.generalatlantic.com,,
Ke,Ke,General Atlantic,https://www.generalatlantic.com/our-team/?group=investment-team,Equity,ke.ke@www.generalatlantic.com,,
Juan,Juan,General Atlantic,https://www.generalatlantic.com/our-team/?group=investment-team,Equity,juan.juan@www.generalatlantic.com,,
Simeon,Simeon,General Atlantic,https://www.generalatlantic.com/our-team/?group=investment-team,Equity,simeon.simeon@www.generalatlantic.com,,
Yong,Yong,General Atlantic,https://www.generalatlantic.com/our-team/?group=investment-team,Equity,yong.yong@www.generalatlantic.com,,
Viktoria,Viktoria,General Atlantic,https://www.generalatlantic.com/our-team/?group=investment-team,Equity,viktoria.viktoria@www.generalatlantic.com,,
Rayen,Rayen,General Atlantic,https://www.generalatlantic.com/our-team/?group=investment-team,Equity,rayen.rayen@www.generalatlantic.com,,
Lucia,Lucia,General Atlantic,https://www.generalatlantic.com/our-team/?group=investment-team,Climate,lucia.lucia@www.generalatlantic.com,,
Jessica,Jessica,General Atlantic,https://www.generalatlantic.com/our-team/?group=investment-team,Healthcare,jessica.jessica@www.generalatlantic.com,,
Abhi,Abhi,General Atlantic,https://www.generalatlantic.com/our-team/?group=investment-team,Technology,abhi.abhi@www.generalatlantic.com,,
Florence,Florence,General Atlantic,https://www.generalatlantic.com/our-team/?group=investment-team,Equity,florence.florence@www.generalatlantic.com,,
Henrique,Henrique,General Atlantic,https://www.generalatlantic.com/our-team/?group=investment-team,Equity,henrique.henrique@www.generalatlantic.com,,
Alexandra,Alexandra,General Atlantic,https://www.generalatlantic.com/our-team/?group=investment-team,Technology,alexandra.alexandra@www.generalatlantic.com,,
Jaak,Jaak,General Atlantic,https://www.generalatlantic.com/our-team/?group=investment-team,Credit,jaak.jaak@www.generalatlantic.com,,
Aanchal,Aanchal,General Atlantic,https://www.generalatlantic.com/our-team/?group=investment-team,Equity,aanchal.aanchal@www.generalatlantic.com,,
Marlowe,Marlowe,General Atlantic,https://www.generalatlantic.com/our-team/?group=investment-team,Climate,marlowe.marlowe@www.generalatlantic.com,,
Jeppe,Jeppe,General Atlantic,https://www.generalatlantic.com/our-team/?group=investment-team,Equity,jeppe.jeppe@www.generalatlantic.com,,
Rafael,Rafael,General Atlantic,https://www.generalatlantic.com/our-team/?group=investment-team,Equity,rafael.rafael@www.generalatlantic.com,,
Axel,Axel,General Atlantic,https://www.generalatlantic.com/our-team/?group=investment-team,Equity,axel.axel@www.generalatlantic.com,,
Olivia,Olivia,General Atlantic,https://www.generalatlantic.com/our-team/?group=investment-team,Healthcare,olivia.olivia@www.generalatlantic.com,,
Malca,Malca,General Atlantic,https://www.generalatlantic.com/our-team/?group=investment-team,Technology,malca.malca@www.generalatlantic.com,,
Jayden,Jayden,General Atlantic,https://www.generalatlantic.com/our-team/?group=investment-team,Sciences,jayden.jayden@www.generalatlantic.com,,
Ted,Ted,General Atlantic,https://www.generalatlantic.com/our-team/?group=investment-team,Equity,ted.ted@www.generalatlantic.com,,
Rushil,Rushil,General Atlantic,https://www.generalatlantic.com/our-team/?group=investment-team,Equity,rushil.rushil@www.generalatlantic.com,,
Andres,Andres,General Atlantic,https://www.generalatlantic.com/our-team/?group=investment-team,Technology,andres.andres@www.generalatlantic.com,,
Jane,Jane,General Atlantic,https://www.generalatlantic.com/our-team/?group=investment-team,Healthcare,jane.jane@www.generalatlantic.com,,
Royce,Royce,General Atlantic,https://www.generalatlantic.com/our-team/?group=investment-team,Technology,royce.royce@www.generalatlantic.com,,
Krishna,Krishna,General Atlantic,https://www.generalatlantic.com/our-team/?group=investment-team,Equity,krishna.krishna@www.generalatlantic.com,,
Torbjorn,Torbjorn,General Atlantic,https://www.generalatlantic.com/our-team/?group=investment-team,Infrastructure,torbjorn.torbjorn@www.generalatlantic.com,,
Emily,Emily,General Atlantic,https://www.generalatlantic.com/our-team/?group=investment-team,Team,emily.emily@www.generalatlantic.com,,
Lucas,Lucas,General Atlantic,https://www.generalatlantic.com/our-team/?group=investment-team,Team,lucas.lucas@www.generalatlantic.com,,
Farah,Farah,Warburg Pincus,https://warburgpincus.com/team/,RelationsLondon,farah.farah@warburgpincus.com,,
Head,Head,Warburg Pincus,https://warburgpincus.com/team/,StaffSingapore,head.head@warburgpincus.com,,
Cole,Cole,Warburg Pincus,https://warburgpincus.com/team/,SolutionsLondon,cole.cole@warburgpincus.com,,
Fundraising,Fundraising,Warburg Pincus,https://warburgpincus.com/team/,RelationsLondon,fundraising.fundraising@warburgpincus.com,,
Shivangi,Shivangi,Warburg Pincus,https://warburgpincus.com/team/,StaffMumbai,shivangi.shivangi@warburgpincus.com,,
Tanvi,Tanvi,Warburg Pincus,https://warburgpincus.com/team/,StaffMumbai,tanvi.tanvi@warburgpincus.com,,
Prakhar,Prakhar,Warburg Pincus,https://warburgpincus.com/team/,AgrawalAssociateMumbai,prakhar.prakhar@warburgpincus.com,,
Bryan,Bryan,Warburg Pincus,https://warburgpincus.com/team/,StaffSingapore,bryan.bryan@warburgpincus.com,,
Financial,Financial,Warburg Pincus,https://warburgpincus.com/team/,York,financial.financial@warburgpincus.com,,
Nayan,Nayan,Warburg Pincus,https://warburgpincus.com/team/,StaffMumbai,nayan.nayan@warburgpincus.com,,
Sharmila,Sharmila,Warburg Pincus,https://warburgpincus.com/team/,EntitiesMauritius,sharmila.sharmila@warburgpincus.com,,
Alexi,Alexi,Warburg Pincus,https://warburgpincus.com/team/,York,alexi.alexi@warburgpincus.com,,
Jason,Jason,Warburg Pincus,https://warburgpincus.com/team/,York,jason.jason@warburgpincus.com,,
Operating,Operating,Warburg Pincus,https://warburgpincus.com/team/,York,operating.operating@warburgpincus.com,,
Kia,Kia,Warburg Pincus,https://warburgpincus.com/team/,CapitalLondon,kia.kia@warburgpincus.com,,
warburgpincus.com,warburgpincus.com,Warburg Pincus,https://warburgpincus.com/team/,*,warburgpincus.com.warburgpincus.com@warburgpincus.com,,
H&F,H&F,Hellman & Friedman,https://hf.com/people/,Team,h&f.h&f@hf.com,,
Operating,Operating,Hellman & Friedman,https://hf.com/people/,Advisors,operating.operating@hf.com,,
Investor,Investor,Hellman & Friedman,https://hf.com/people/,Team,investor.investor@hf.com,,
Sort,Sort,Hellman & Friedman,https://hf.com/people/,Position,sort.sort@hf.com,,
Jacob,Jacob,Hellman & Friedman,https://hf.com/people/,Partner,jacob.jacob@hf.com,,
Gary,Gary,Hellman & Friedman,https://hf.com/people/,Partner,gary.gary@hf.com,,
Susanna,Susanna,Hellman & Friedman,https://hf.com/people/,Relations,susanna.susanna@hf.com,,
Brian,Brian,Hellman & Friedman,https://hf.com/people/,Partner,brian.brian@hf.com,,
Matt,Matt,Hellman & Friedman,https://hf.com/people/,Partner,matt.matt@hf.com,,
Stephen,Stephen,Hellman & Friedman,https://hf.com/people/,Partner,stephen.stephen@hf.com,,
Benjamin,Benjamin,Hellman & Friedman,https://hf.com/people/,Partner,benjamin.benjamin@hf.com,,
Stefan,Stefan,Hellman & Friedman,https://hf.com/people/,Partner,stefan.stefan@hf.com,,
Philip,Philip,Hellman & Friedman,https://hf.com/people/,Chairman,philip.philip@hf.com,,
Patrick,Patrick,Hellman & Friedman,https://hf.com/people/,Officer,patrick.patrick@hf.com,,
Blake,Blake,Hellman & Friedman,https://hf.com/people/,Partner,blake.blake@hf.com,,
Johannes,Johannes,Hellman & Friedman,https://hf.com/people/,Partner,johannes.johannes@hf.com,,
Adrien,Adrien,Hellman & Friedman,https://hf.com/people/,Partner,adrien.adrien@hf.com,,
Sameer,Sameer,Hellman & Friedman,https://hf.com/people/,Partner,sameer.sameer@hf.com,,
Arrie,Arrie,Hellman & Friedman,https://hf.com/people/,Officer,arrie.arrie@hf.com,,
Hunter,Hunter,Hellman & Friedman,https://hf.com/people/,Partner,hunter.hunter@hf.com,,
Judd,Judd,Hellman & Friedman,https://hf.com/people/,Officer,judd.judd@hf.com,,
David,David,Hellman & Friedman,https://hf.com/people/,Partner,david.david@hf.com,,
Tarim,Tarim,Hellman & Friedman,https://hf.com/people/,Partner,tarim.tarim@hf.com,,
Trevor,Trevor,Hellman & Friedman,https://hf.com/people/,Partner,trevor.trevor@hf.com,,
Aron,Aron,Hellman & Friedman,https://hf.com/people/,Partner*,aron.aron@hf.com,,
Ted,Ted,Hellman & Friedman,https://hf.com/people/,Director,ted.ted@hf.com,,
Casilda,Casilda,Hellman & Friedman,https://hf.com/people/,Principal,casilda.casilda@hf.com,,
Julia,Julia,Hellman & Friedman,https://hf.com/people/,Services,julia.julia@hf.com,,
Catie,Catie,Hellman & Friedman,https://hf.com/people/,Director,catie.catie@hf.com,,
Simon,Simon,Hellman & Friedman,https://hf.com/people/,Director,simon.simon@hf.com,,
Lauren,Lauren,Hellman & Friedman,https://hf.com/people/,Director,lauren.lauren@hf.com,,
Zomo,Zomo,Hellman & Friedman,https://hf.com/people/,ESG,zomo.zomo@hf.com,,
Joseph,Joseph,Hellman & Friedman,https://hf.com/people/,Director,joseph.joseph@hf.com,,
Jim,Jim,Hellman & Friedman,https://hf.com/people/,CISO,jim.jim@hf.com,,
Josh,Josh,Hellman & Friedman,https://hf.com/people/,Executive,josh.josh@hf.com,,
Adam,Adam,Hellman & Friedman,https://hf.com/people/,Director,adam.adam@hf.com,,
Astor,Astor,Hellman & Friedman,https://hf.com/people/,Principal,astor.astor@hf.com,,
Sara,Sara,Hellman & Friedman,https://hf.com/people/,Director,sara.sara@hf.com,,
Daniel,Daniel,Hellman & Friedman,https://hf.com/people/,Principal,daniel.daniel@hf.com,,
Fred,Fred,Hellman & Friedman,https://hf.com/people/,Director,fred.fred@hf.com,,
Austin,Austin,Hellman & Friedman,https://hf.com/people/,Principal,austin.austin@hf.com,,
Emily,Emily,Hellman & Friedman,https://hf.com/people/,Director,emily.emily@hf.com,,
Joonas,Joonas,Hellman & Friedman,https://hf.com/people/,Principal,joonas.joonas@hf.com,,
Ana,Ana,Hellman & Friedman,https://hf.com/people/,Principal,ana.ana@hf.com,,
Susan,Susan,Hellman & Friedman,https://hf.com/people/,Specialist,susan.susan@hf.com,,
Quyen,Quyen,Hellman & Friedman,https://hf.com/people/,Finance,quyen.quyen@hf.com,,
Alex,Alex,Hellman & Friedman,https://hf.com/people/,Director,alex.alex@hf.com,,
Heidi,Heidi,Hellman & Friedman,https://hf.com/people/,Advisor*,heidi.heidi@hf.com,,
Siru,Siru,Hellman & Friedman,https://hf.com/people/,Talent,siru.siru@hf.com,,
Sean,Sean,Hellman & Friedman,https://hf.com/people/,Director,sean.sean@hf.com,,
Alexis,Alexis,Hellman & Friedman,https://hf.com/people/,Director,alexis.alexis@hf.com,,
Will,Will,Hellman & Friedman,https://hf.com/people/,Principal,will.will@hf.com,,
Garrison,Garrison,Hellman & Friedman,https://hf.com/people/,Principal,garrison.garrison@hf.com,,
Sheryl,Sheryl,Hellman & Friedman,https://hf.com/people/,Officer,sheryl.sheryl@hf.com,,
Dominik,Dominik,Hellman & Friedman,https://hf.com/people/,Principal,dominik.dominik@hf.com,,
Maria,Maria,Hellman & Friedman,https://hf.com/people/,Director,maria.maria@hf.com,,
Caroline,Caroline,Hellman & Friedman,https://hf.com/people/,Principal,caroline.caroline@hf.com,,
Steve,Steve,Hellman & Friedman,https://hf.com/people/,Advisor*,steve.steve@hf.com,,
Sri,Sri,Hellman & Friedman,https://hf.com/people/,Director,sri.sri@hf.com,,
Meghan,Meghan,Hellman & Friedman,https://hf.com/people/,Executive,meghan.meghan@hf.com,,
Guillaume,Guillaume,Hellman & Friedman,https://hf.com/people/,Director*,guillaume.guillaume@hf.com,,
John,John,Hellman & Friedman,https://hf.com/people/,Director,john.john@hf.com,,
Ayan,Ayan,Hellman & Friedman,https://hf.com/people/,Associate,ayan.ayan@hf.com,,
Jackson,Jackson,Hellman & Friedman,https://hf.com/people/,Associate,jackson.jackson@hf.com,,
Brooke,Brooke,Hellman & Friedman,https://hf.com/people/,Associate,brooke.brooke@hf.com,,
Elliott,Elliott,Hellman & Friedman,https://hf.com/people/,Associate,elliott.elliott@hf.com,,
Dionne,Dionne,Hellman & Friedman,https://hf.com/people/,Associate,dionne.dionne@hf.com,,
Vincent,Vincent,Hellman & Friedman,https://hf.com/people/,Associate,vincent.vincent@hf.com,,
Charlie,Charlie,Hellman & Friedman,https://hf.com/people/,Associate,charlie.charlie@hf.com,,
Alec,Alec,Hellman & Friedman,https://hf.com/people/,Associate,alec.alec@hf.com,,
Helen,Helen,Hellman & Friedman,https://hf.com/people/,Associate,helen.helen@hf.com,,
Isaac,Isaac,Hellman & Friedman,https://hf.com/people/,Associate,isaac.isaac@hf.com,,
Diego,Diego,Hellman & Friedman,https://hf.com/people/,Associate,diego.diego@hf.com,,
Ben,Ben,Hellman & Friedman,https://hf.com/people/,Associate,ben.ben@hf.com,,
Freddie,Freddie,Hellman & Friedman,https://hf.com/people/,Associate,freddie.freddie@hf.com,,
Robert,Robert,Hellman & Friedman,https://hf.com/people/,Associate,robert.robert@hf.com,,
Solene,Solene,Hellman & Friedman,https://hf.com/people/,Associate,solene.solene@hf.com,,
Priscilla,Priscilla,Hellman & Friedman,https://hf.com/people/,Associate,priscilla.priscilla@hf.com,,
Melissa,Melissa,Hellman & Friedman,https://hf.com/people/,Associate,melissa.melissa@hf.com,,
Sierra,Sierra,Hellman & Friedman,https://hf.com/people/,Associate,sierra.sierra@hf.com,,
Morgan,Morgan,Hellman & Friedman,https://hf.com/people/,Associate,morgan.morgan@hf.com,,
George,George,Hellman & Friedman,https://hf.com/people/,Associate,george.george@hf.com,,
Aradhana,Aradhana,Hellman & Friedman,https://hf.com/people/,Associate,aradhana.aradhana@hf.com,,
Nicholas,Nicholas,Hellman & Friedman,https://hf.com/people/,Associate,nicholas.nicholas@hf.com,,
Max,Max,Hellman & Friedman,https://hf.com/people/,Associate,max.max@hf.com,,
Mariya,Mariya,Hellman & Friedman,https://hf.com/people/,Associate,mariya.mariya@hf.com,,
Valerie,Valerie,Hellman & Friedman,https://hf.com/people/,Associate,valerie.valerie@hf.com,,
Devansh,Devansh,Hellman & Friedman,https://hf.com/people/,Associate,devansh.devansh@hf.com,,
Haley,Haley,Hellman & Friedman,https://hf.com/people/,Associate,haley.haley@hf.com,,
Zach,Zach,Hellman & Friedman,https://hf.com/people/,Associate,zach.zach@hf.com,,
Olivia,Olivia,Hellman & Friedman,https://hf.com/people/,Associate,olivia.olivia@hf.com,,
Matthew,Matthew,Hellman & Friedman,https://hf.com/people/,Advisor,matthew.matthew@hf.com,,
Jeffrey,Jeffrey,Hellman & Friedman,https://hf.com/people/,Emeritus,jeffrey.jeffrey@hf.com,,
Erik,Erik,Hellman & Friedman,https://hf.com/people/,Advisor,erik.erik@hf.com,,
not,not,Hellman & Friedman,https://hf.com/people/,firm.,not.not@hf.com,,
Lisa,Lisa,Hellman & Friedman,https://hf.com/people/,Compliance,lisa.lisa@hf.com,,
Jennifer,Jennifer,Hellman & Friedman,https://hf.com/people/,Compliance,jennifer.jennifer@hf.com,,
Fundraising,Fundraising,Silver Lake Partners,https://www.silverlake.com/people/,Relations,fundraising.fundraising@www.silverlake.com,,
Portfolio,Portfolio,Silver Lake Partners,https://www.silverlake.com/people/,Monitoring,portfolio.portfolio@www.silverlake.com,,
Human,Human,Silver Lake Partners,https://www.silverlake.com/people/,Resources,human.human@www.silverlake.com,,
Data,Data,Silver Lake Partners,https://www.silverlake.com/people/,AI,data.data@www.silverlake.com,,
Commercial,Commercial,Silver Lake Partners,https://www.silverlake.com/people/,Partnerships,commercial.commercial@www.silverlake.com,,
Head,Head,Silver Lake Partners,https://www.silverlake.com/people/,Legal,head.head@www.silverlake.com,,
Chief,Chief,Silver Lake Partners,https://www.silverlake.com/people/,Litigation,chief.chief@www.silverlake.com,,
focused,focused,Thoma Bravo,https://www.thomabravo.com/team,Bravo.,focused.focused@www.thomabravo.com,,
Nasdaq:,Nasdaq:,Thoma Bravo,https://www.thomabravo.com/team,entities.,nasdaq:.nasdaq:@www.thomabravo.com,,
SEARCH,SEARCH,Thoma Bravo,https://www.thomabravo.com/team,RESULTS,search.search@www.thomabravo.com,,
Tre),Tre),Thoma Bravo,https://www.thomabravo.com/team,Partner,tre).tre)@www.thomabravo.com,,
Seth,Seth,Thoma Bravo,https://www.thomabravo.com/team,Partner,seth.seth@www.thomabravo.com,,
Orlando,Orlando,Thoma Bravo,https://www.thomabravo.com/team,Partner,orlando.orlando@www.thomabravo.com,,
Scott,Scott,Thoma Bravo,https://www.thomabravo.com/team,Partner,scott.scott@www.thomabravo.com,,
Lee,Lee,Thoma Bravo,https://www.thomabravo.com/team,Partner,lee.lee@www.thomabravo.com,,
Holden,Holden,Thoma Bravo,https://www.thomabravo.com/team,Partner,holden.holden@www.thomabravo.com,,
Carl,Carl,Thoma Bravo,https://www.thomabravo.com/team,Partner,carl.carl@www.thomabravo.com,,
Chief,Chief,Thoma Bravo,https://www.thomabravo.com/team,Marketing,chief.chief@www.thomabravo.com,,
A.J.,A.J.,Thoma Bravo,https://www.thomabravo.com/team,Partner,a.j..a.j.@www.thomabravo.com,,
Jessica,Jessica,Thoma Bravo,https://www.thomabravo.com/team,Assistant,jessica.jessica@www.thomabravo.com,,
Andrew,Andrew,Thoma Bravo,https://www.thomabravo.com/team,Partner,andrew.andrew@www.thomabravo.com,,
Event,Event,Thoma Bravo,https://www.thomabravo.com/team,Operations,event.event@www.thomabravo.com,,
Service,Service,Thoma Bravo,https://www.thomabravo.com/team,Desk,service.service@www.thomabravo.com,,
Investor,Investor,Thoma Bravo,https://www.thomabravo.com/team,Relations,investor.investor@www.thomabravo.com,,
Communications,Communications,Thoma Bravo,https://www.thomabravo.com/team,Marketing,communications.communications@www.thomabravo.com,,
Alok,Alok,Thoma Bravo,https://www.thomabravo.com/team,President,alok.alok@www.thomabravo.com,,
Lindsay,Lindsay,Thoma Bravo,https://www.thomabravo.com/team,Assistant,lindsay.lindsay@www.thomabravo.com,,
Catherine,Catherine,Thoma Bravo,https://www.thomabravo.com/team,President,catherine.catherine@www.thomabravo.com,,
Head,Head,Thoma Bravo,https://www.thomabravo.com/team,ESG,head.head@www.thomabravo.com,,
Dylan,Dylan,Thoma Bravo,https://www.thomabravo.com/team,Associate,dylan.dylan@www.thomabravo.com,,
Francis,Francis,Thoma Bravo,https://www.thomabravo.com/team,Associate,francis.francis@www.thomabravo.com,,
Human,Human,Thoma Bravo,https://www.thomabravo.com/team,Resources,human.human@www.thomabravo.com,,
Lauren,Lauren,Thoma Bravo,https://www.thomabravo.com/team,Assistant,lauren.lauren@www.thomabravo.com,,
Ali,Ali,Thoma Bravo,https://www.thomabravo.com/team,Counsel,ali.ali@www.thomabravo.com,,
Deven,Deven,Thoma Bravo,https://www.thomabravo.com/team,Associate,deven.deven@www.thomabravo.com,,
Dillon,Dillon,Thoma Bravo,https://www.thomabravo.com/team,President,dillon.dillon@www.thomabravo.com,,
Daniel,Daniel,Thoma Bravo,https://www.thomabravo.com/team,Associate,daniel.daniel@www.thomabravo.com,,
Madison,Madison,Thoma Bravo,https://www.thomabravo.com/team,Assistant,madison.madison@www.thomabravo.com,,
Haley,Haley,Thoma Bravo,https://www.thomabravo.com/team,Assistant,haley.haley@www.thomabravo.com,,
Ryan,Ryan,Thoma Bravo,https://www.thomabravo.com/team,Associate,ryan.ryan@www.thomabravo.com,,
Controller,Controller,Thoma Bravo,https://www.thomabravo.com/team,Firm,controller.controller@www.thomabravo.com,,
Catie,Catie,Thoma Bravo,https://www.thomabravo.com/team,Associate,catie.catie@www.thomabravo.com,,
Payroll,Payroll,Thoma Bravo,https://www.thomabravo.com/team,Operations,payroll.payroll@www.thomabravo.com,,
Antonio,Antonio,Thoma Bravo,https://www.thomabravo.com/team,Associate,antonio.antonio@www.thomabravo.com,,
Kristi,Kristi,Thoma Bravo,https://www.thomabravo.com/team,Assistant,kristi.kristi@www.thomabravo.com,,
Tax,Tax,Thoma Bravo,https://www.thomabravo.com/team,Accounting,tax.tax@www.thomabravo.com,,
Dave,Dave,Thoma Bravo,https://www.thomabravo.com/team,Assistant,dave.dave@www.thomabravo.com,,
Gabriela,Gabriela,Thoma Bravo,https://www.thomabravo.com/team,Assistant,gabriela.gabriela@www.thomabravo.com,,
Ross,Ross,Thoma Bravo,https://www.thomabravo.com/team,Partner,ross.ross@www.thomabravo.com,,
Danielle,Danielle,Thoma Bravo,https://www.thomabravo.com/team,Counsel,danielle.danielle@www.thomabravo.com,,
Natalie,Natalie,Thoma Bravo,https://www.thomabravo.com/team,Manager,natalie.natalie@www.thomabravo.com,,
Eric,Eric,Thoma Bravo,https://www.thomabravo.com/team,Principal,eric.eric@www.thomabravo.com,,
Will,Will,Thoma Bravo,https://www.thomabravo.com/team,President,will.will@www.thomabravo.com,,
Gracie,Gracie,Thoma Bravo,https://www.thomabravo.com/team,Associate,gracie.gracie@www.thomabravo.com,,
Grant,Grant,Thoma Bravo,https://www.thomabravo.com/team,Associate,grant.grant@www.thomabravo.com,,
James,James,Thoma Bravo,https://www.thomabravo.com/team,President,james.james@www.thomabravo.com,,
Michael,Michael,Thoma Bravo,https://www.thomabravo.com/team,President,michael.michael@www.thomabravo.com,,
Brendan,Brendan,Thoma Bravo,https://www.thomabravo.com/team,Principal,brendan.brendan@www.thomabravo.com,,
Etham,Etham,Thoma Bravo,https://www.thomabravo.com/team,President,etham.etham@www.thomabravo.com,,
Tara,Tara,Thoma Bravo,https://www.thomabravo.com/team,Partner,tara.tara@www.thomabravo.com,,
Collin,Collin,Thoma Bravo,https://www.thomabravo.com/team,President,collin.collin@www.thomabravo.com,,
Matt,Matt,Thoma Bravo,https://www.thomabravo.com/team,Associate,matt.matt@www.thomabravo.com,,
Mohnish,Mohnish,Thoma Bravo,https://www.thomabravo.com/team,President,mohnish.mohnish@www.thomabravo.com,,
Chandler,Chandler,Thoma Bravo,https://www.thomabravo.com/team,President,chandler.chandler@www.thomabravo.com,,
Joe,Joe,Thoma Bravo,https://www.thomabravo.com/team,President,joe.joe@www.thomabravo.com,,
Nabil,Nabil,Thoma Bravo,https://www.thomabravo.com/team,President,nabil.nabil@www.thomabravo.com,,
Alyson,Alyson,Thoma Bravo,https://www.thomabravo.com/team,Assistant,alyson.alyson@www.thomabravo.com,,
Keaton,Keaton,Thoma Bravo,https://www.thomabravo.com/team,Associate,keaton.keaton@www.thomabravo.com,,
Hayley,Hayley,Thoma Bravo,https://www.thomabravo.com/team,Paralegal,hayley.hayley@www.thomabravo.com,,
Jon,Jon,Thoma Bravo,https://www.thomabravo.com/team,Associate,jon.jon@www.thomabravo.com,,
Irina,Irina,Thoma Bravo,https://www.thomabravo.com/team,Partner,irina.irina@www.thomabravo.com,,
Noah,Noah,Thoma Bravo,https://www.thomabravo.com/team,President,noah.noah@www.thomabravo.com,,
Peter,Peter,Thoma Bravo,https://www.thomabravo.com/team,President,peter.peter@www.thomabravo.com,,
Mike,Mike,Thoma Bravo,https://www.thomabravo.com/team,Partner,mike.mike@www.thomabravo.com,,
Alisha,Alisha,Thoma Bravo,https://www.thomabravo.com/team,Associate,alisha.alisha@www.thomabravo.com,,
Deputy,Deputy,Thoma Bravo,https://www.thomabravo.com/team,Officer,deputy.deputy@www.thomabravo.com,,
Jamie,Jamie,Thoma Bravo,https://www.thomabravo.com/team,Principal,jamie.jamie@www.thomabravo.com,,
George,George,Thoma Bravo,https://www.thomabravo.com/team,Principal,george.george@www.thomabravo.com,,
Brian,Brian,Thoma Bravo,https://www.thomabravo.com/team,Partner,brian.brian@www.thomabravo.com,,
Jennifer,Jennifer,Thoma Bravo,https://www.thomabravo.com/team,Assistant,jennifer.jennifer@www.thomabravo.com,,
Sajal,Sajal,Thoma Bravo,https://www.thomabravo.com/team,Associate,sajal.sajal@www.thomabravo.com,,
Maria,Maria,Thoma Bravo,https://www.thomabravo.com/team,Assistant,maria.maria@www.thomabravo.com,,
Adam,Adam,Thoma Bravo,https://www.thomabravo.com/team,Principal,adam.adam@www.thomabravo.com,,
Uday,Uday,Thoma Bravo,https://www.thomabravo.com/team,Associate,uday.uday@www.thomabravo.com,,
Caroline,Caroline,Thoma Bravo,https://www.thomabravo.com/team,President,caroline.caroline@www.thomabravo.com,,
Tomas,Tomas,Thoma Bravo,https://www.thomabravo.com/team,Associate,tomas.tomas@www.thomabravo.com,,
Sameer,Sameer,Thoma Bravo,https://www.thomabravo.com/team,Associate,sameer.sameer@www.thomabravo.com,,
Hunter,Hunter,Thoma Bravo,https://www.thomabravo.com/team,Associate,hunter.hunter@www.thomabravo.com,,
Steph,Steph,Thoma Bravo,https://www.thomabravo.com/team,Associate,steph.steph@www.thomabravo.com,,
Anthony,Anthony,Thoma Bravo,https://www.thomabravo.com/team,President,anthony.anthony@www.thomabravo.com,,
Kerri,Kerri,Thoma Bravo,https://www.thomabravo.com/team,Assistant,kerri.kerri@www.thomabravo.com,,
Sacha,Sacha,Thoma Bravo,https://www.thomabravo.com/team,President,sacha.sacha@www.thomabravo.com,,
Monica,Monica,Thoma Bravo,https://www.thomabravo.com/team,Assistant,monica.monica@www.thomabravo.com,,
Accounting,Accounting,Thoma Bravo,https://www.thomabravo.com/team,Operations,accounting.accounting@www.thomabravo.com,,
Valerie,Valerie,Thoma Bravo,https://www.thomabravo.com/team,Assistant,valerie.valerie@www.thomabravo.com,,
Data,Data,Thoma Bravo,https://www.thomabravo.com/team,Analytics,data.data@www.thomabravo.com,,
Performance,Performance,Thoma Bravo,https://www.thomabravo.com/team,Analytics,performance.performance@www.thomabravo.com,,
Laura,Laura,Thoma Bravo,https://www.thomabravo.com/team,Associate,laura.laura@www.thomabravo.com,,
Morgan,Morgan,Thoma Bravo,https://www.thomabravo.com/team,Assistant,morgan.morgan@www.thomabravo.com,,
Senior,Senior,Thoma Bravo,https://www.thomabravo.com/team,Counsel,senior.senior@www.thomabravo.com,,
Hannah,Hannah,Thoma Bravo,https://www.thomabravo.com/team,Associate,hannah.hannah@www.thomabravo.com,,
Alex,Alex,Thoma Bravo,https://www.thomabravo.com/team,Principal,alex.alex@www.thomabravo.com,,
RJ,RJ,Thoma Bravo,https://www.thomabravo.com/team,Associate,rj.rj@www.thomabravo.com,,
Colin,Colin,Thoma Bravo,https://www.thomabravo.com/team,Associate,colin.colin@www.thomabravo.com,,
Maddie,Maddie,Thoma Bravo,https://www.thomabravo.com/team,Associate,maddie.maddie@www.thomabravo.com,,
Keerthi,Keerthi,Thoma Bravo,https://www.thomabravo.com/team,Associate,keerthi.keerthi@www.thomabravo.com,,
Arthur,Arthur,Thoma Bravo,https://www.thomabravo.com/team,President,arthur.arthur@www.thomabravo.com,,
Madeline,Madeline,Thoma Bravo,https://www.thomabravo.com/team,Associate,madeline.madeline@www.thomabravo.com,,
Sophie,Sophie,Thoma Bravo,https://www.thomabravo.com/team,Assistant,sophie.sophie@www.thomabravo.com,,
Leigh,Leigh,Thoma Bravo,https://www.thomabravo.com/team,Assistant,leigh.leigh@www.thomabravo.com,,
Amanda,Amanda,Thoma Bravo,https://www.thomabravo.com/team,Assistant,amanda.amanda@www.thomabravo.com,,
General,General,Thoma Bravo,https://www.thomabravo.com/team,Officer,general.general@www.thomabravo.com,,
Charles,Charles,Thoma Bravo,https://www.thomabravo.com/team,Associate,charles.charles@www.thomabravo.com,,
Paige,Paige,Thoma Bravo,https://www.thomabravo.com/team,Associate,paige.paige@www.thomabravo.com,,
Hudson,Hudson,Thoma Bravo,https://www.thomabravo.com/team,Partner,hudson.hudson@www.thomabravo.com,,
Asha,Asha,Thoma Bravo,https://www.thomabravo.com/team,Assistant,asha.asha@www.thomabravo.com,,
Harrison,Harrison,Thoma Bravo,https://www.thomabravo.com/team,Associate,harrison.harrison@www.thomabravo.com,,
Oliver,Oliver,Thoma Bravo,https://www.thomabravo.com/team,Partner,oliver.oliver@www.thomabravo.com,,
Victoria,Victoria,Thoma Bravo,https://www.thomabravo.com/team,Manager,victoria.victoria@www.thomabravo.com,,
Valeria,Valeria,Thoma Bravo,https://www.thomabravo.com/team,Assistant,valeria.valeria@www.thomabravo.com,,
David,David,Thoma Bravo,https://www.thomabravo.com/team,Principal,david.david@www.thomabravo.com,,
Chip,Chip,Thoma Bravo,https://www.thomabravo.com/team,Partner,chip.chip@www.thomabravo.com,,
Assistant,Assistant,Thoma Bravo,https://www.thomabravo.com/team,Firm,assistant.assistant@www.thomabravo.com,,
Robbie,Robbie,Thoma Bravo,https://www.thomabravo.com/team,Associate,robbie.robbie@www.thomabravo.com,,
Calvin,Calvin,Thoma Bravo,https://www.thomabravo.com/team,Associate,calvin.calvin@www.thomabravo.com,,
Joshua,Joshua,Thoma Bravo,https://www.thomabravo.com/team,Associate,joshua.joshua@www.thomabravo.com,,
Inès,Inès,Thoma Bravo,https://www.thomabravo.com/team,Associate,inès.inès@www.thomabravo.com,,
John,John,Thoma Bravo,https://www.thomabravo.com/team,Associate,john.john@www.thomabravo.com,,
Sam,Sam,Thoma Bravo,https://www.thomabravo.com/team,President,sam.sam@www.thomabravo.com,,
Alexandra,Alexandra,Thoma Bravo,https://www.thomabravo.com/team,Associate,alexandra.alexandra@www.thomabravo.com,,
Sarah,Sarah,Thoma Bravo,https://www.thomabravo.com/team,Associate,sarah.sarah@www.thomabravo.com,,
Erik,Erik,Thoma Bravo,https://www.thomabravo.com/team,Partner,erik.erik@www.thomabravo.com,,
Gene,Gene,Thoma Bravo,https://www.thomabravo.com/team,Partner,gene.gene@www.thomabravo.com,,
Marcel,Marcel,Thoma Bravo,https://www.thomabravo.com/team,Partner,marcel.marcel@www.thomabravo.com,,
Mark,Mark,Thoma Bravo,https://www.thomabravo.com/team,Partner,mark.mark@www.thomabravo.com,,
Pete,Pete,Thoma Bravo,https://www.thomabravo.com/team,Partner,pete.pete@www.thomabravo.com,,
Tom,Tom,Thoma Bravo,https://www.thomabravo.com/team,Partner,tom.tom@www.thomabravo.com,,
Cynthia,Cynthia,Thoma Bravo,https://www.thomabravo.com/team,Advisor,cynthia.cynthia@www.thomabravo.com,,
Gary,Gary,Thoma Bravo,https://www.thomabravo.com/team,Partner,gary.gary@www.thomabravo.com,,
Kiely,Kiely,Thoma Bravo,https://www.thomabravo.com/team,Advisor,kiely.kiely@www.thomabravo.com,,
Jim,Jim,Thoma Bravo,https://www.thomabravo.com/team,Partner,jim.jim@www.thomabravo.com,,
Bob,Bob,Thoma Bravo,https://www.thomabravo.com/team,Partner,bob.bob@www.thomabravo.com,,
Jay,Jay,Thoma Bravo,https://www.thomabravo.com/team,Partner,jay.jay@www.thomabravo.com,,
Joel,Joel,Thoma Bravo,https://www.thomabravo.com/team,Advisor,joel.joel@www.thomabravo.com,,
Richard,Richard,Thoma Bravo,https://www.thomabravo.com/team,Advisor,richard.richard@www.thomabravo.com,,
Steve,Steve,Thoma Bravo,https://www.thomabravo.com/team,Advisor,steve.steve@www.thomabravo.com,,
Don,Don,Thoma Bravo,https://www.thomabravo.com/team,Advisor,don.don@www.thomabravo.com,,
Rich,Rich,Thoma Bravo,https://www.thomabravo.com/team,Partner,rich.rich@www.thomabravo.com,,
Paul,Paul,Thoma Bravo,https://www.thomabravo.com/team,Advisor,paul.paul@www.thomabravo.com,,
Nicolaas,Nicolaas,Thoma Bravo,https://www.thomabravo.com/team,Partner,nicolaas.nicolaas@www.thomabravo.com,,
Kristin,Kristin,Thoma Bravo,https://www.thomabravo.com/team,Partner,kristin.kristin@www.thomabravo.com,,
National,National,Thoma Bravo,https://www.thomabravo.com/team,Canada,national.national@www.thomabravo.com,,
he,he,Thoma Bravo,https://www.thomabravo.com/team,CA,he.he@www.thomabravo.com,,
accounting,accounting,Thoma Bravo,https://www.thomabravo.com/team,IL,accounting.accounting@www.thomabravo.com,,
she,she,Thoma Bravo,https://www.thomabravo.com/team,CA,she.she@www.thomabravo.com,,
Valuation,Valuation,Thoma Bravo,https://www.thomabravo.com/team,IL,valuation.valuation@www.thomabravo.com,,
most,most,Thoma Bravo,https://www.thomabravo.com/team,IL,most.most@www.thomabravo.com,,
formerly,formerly,Thoma Bravo,https://www.thomabravo.com/team,CA,formerly.formerly@www.thomabravo.com,,
Anderson,Anderson,Thoma Bravo,https://www.thomabravo.com/team,IL,anderson.anderson@www.thomabravo.com,,
podcast,podcast,Thoma Bravo,https://www.thomabravo.com/team,CA,podcast.podcast@www.thomabravo.com,,
Compliance,Compliance,Thoma Bravo,https://www.thomabravo.com/team,IL,compliance.compliance@www.thomabravo.com,,
BCN),BCN),Thoma Bravo,https://www.thomabravo.com/team,IL,bcn).bcn)@www.thomabravo.com,,
CFA®),CFA®),Thoma Bravo,https://www.thomabravo.com/team,IL,cfa®).cfa®)@www.thomabravo.com,,
now,now,Thoma Bravo,https://www.thomabravo.com/team,NY,now.now@www.thomabravo.com,,
web3,web3,Thoma Bravo,https://www.thomabravo.com/team,NY,web3.web3@www.thomabravo.com,,
St,St,Thoma Bravo,https://www.thomabravo.com/team,FL,st.st@www.thomabravo.com,,
acquired,acquired,Thoma Bravo,https://www.thomabravo.com/team,CA,acquired.acquired@www.thomabravo.com,,
Miami,Miami,Thoma Bravo,https://www.thomabravo.com/team,CA,miami.miami@www.thomabravo.com,,
Founder,Founder,Thoma Bravo,https://www.thomabravo.com/team,NY,founder.founder@www.thomabravo.com,,
NASDAQ:,NASDAQ:,Thoma Bravo,https://www.thomabravo.com/team,MA,nasdaq:.nasdaq:@www.thomabravo.com,,
Japanese),Japanese),Thoma Bravo,https://www.thomabravo.com/team,IL,japanese).japanese)@www.thomabravo.com,,
Work,Work,Thoma Bravo,https://www.thomabravo.com/team,CA,work.work@www.thomabravo.com,,
Jo),Jo),Thoma Bravo,https://www.thomabravo.com/team,UK,jo).jo)@www.thomabravo.com,,
Charlie),Charlie),Thoma Bravo,https://www.thomabravo.com/team,IL,charlie).charlie)@www.thomabravo.com,,
Chicago,Chicago,Thoma Bravo,https://www.thomabravo.com/team,IL,chicago.chicago@www.thomabravo.com,,
GSAM),GSAM),Thoma Bravo,https://www.thomabravo.com/team,NY,gsam).gsam)@www.thomabravo.com,,
London,London,Thoma Bravo,https://www.thomabravo.com/team,IL,london.london@www.thomabravo.com,,
ESG,ESG,Thoma Bravo,https://www.thomabravo.com/team,MA,esg.esg@www.thomabravo.com,,
Infrastructure,Infrastructure,Thoma Bravo,https://www.thomabravo.com/team,IL,infrastructure.infrastructure@www.thomabravo.com,,
ALTIS),ALTIS),Thoma Bravo,https://www.thomabravo.com/team,RI,altis).altis)@www.thomabravo.com,,
Blackstone),Blackstone),Thoma Bravo,https://www.thomabravo.com/team,NY,blackstone).blackstone)@www.thomabravo.com,,
operational,operational,Thoma Bravo,https://www.thomabravo.com/team,TX,operational.operational@www.thomabravo.com,,
including,including,Thoma Bravo,https://www.thomabravo.com/team,TX,including.including@www.thomabravo.com,,
Saskatchewan,Saskatchewan,Thoma Bravo,https://www.thomabravo.com/team,Inc.,saskatchewan.saskatchewan@www.thomabravo.com,,
where,where,Thoma Bravo,https://www.thomabravo.com/team,Software,where.where@www.thomabravo.com,,
headquarters,headquarters,Thoma Bravo,https://www.thomabravo.com/team,PaineWebber,headquarters.headquarters@www.thomabravo.com,,
FICO),FICO),Thoma Bravo,https://www.thomabravo.com/team,Bank,fico).fico)@www.thomabravo.com,,
transformation,transformation,Thoma Bravo,https://www.thomabravo.com/team,Systems,transformation.transformation@www.thomabravo.com,,
American,American,Thoma Bravo,https://www.thomabravo.com/team,Group,american.american@www.thomabravo.com,,
workforce,workforce,Thoma Bravo,https://www.thomabravo.com/team,Intuit,workforce.workforce@www.thomabravo.com,,
NYSE:,NYSE:,Thoma Bravo,https://www.thomabravo.com/team,Europe,nyse:.nyse:@www.thomabravo.com,,
First,First,Thoma Bravo,https://www.thomabravo.com/team,Accenture,first.first@www.thomabravo.com,,
CAD,CAD,Thoma Bravo,https://www.thomabravo.com/team,Software,cad.cad@www.thomabravo.com,,
President,President,Thoma Bravo,https://www.thomabravo.com/team,Group,president.president@www.thomabravo.com,,
computer,computer,Thoma Bravo,https://www.thomabravo.com/team,Cognos,computer.computer@www.thomabravo.com,,
Operating,Operating,Thoma Bravo,https://www.thomabravo.com/team,CEO,operating.operating@www.thomabravo.com,,
aligned,aligned,BCI,https://www.bci.ca/who-we-are/governance/executive-management/,funds.,aligned.aligned@www.bci.ca,,
Media,Media,BCI,https://www.bci.ca/who-we-are/governance/executive-management/,YorkVictoria,media.media@www.bci.ca,,
